[
    {
      "Id": "1x1",
      "Path": "Scripts\\1. Privacy\\1. The Connected User Experiences and Telemetry service.ps1",
      "HeaderEn": "Disable the \"Connected User Experiences and Telemetry\" service (DiagTrack)",
      "HeaderRu": "Отключить службу \"Функциональные возможности для подключенных пользователей и телеметрия\" (DiagTrack)",
      "DescriptionEn": "The \"Connected User Experiences and Telemetry\" service enables features that support in-application and connected user experiences. Additionally, this service manages the event-driven collection and transmission of diagnostic and usage information (used to improve the experience and quality of the Windows Platform) when the diagnostics and usage privacy option settings are enabled under Feedback and Diagnostics",
      "DescriptionRu": "Служба \"Функциональные возможности для подключенных пользователей и телеметрия\" включает возможности, которые поддерживают взаимодействия с приложением и функциональные возможности для подключенных пользователей. Кроме того, эта служба управляет сбором на основе событий, передачей диагностической информации и информации об использовании (используемой для улучшения восприятия и повышения качества платформы Windows), когда параметры диагностики и настройки параметров конфиденциальности использования включены в разделе \"Диагностика и отзывы\"",
      "Type": "Switch",
      "Sha256": "EF7CCBB2092550F17DB8F1A04D8BB156C6819DED4BBABC73724419D0DC975884",
      "Tag": "Privacy"
    },
    {
      "Id": "1x2",
      "Path": "Scripts\\1. Privacy\\2. The OS level of diagnostic data gathering.ps1",
      "HeaderEn": "Set the OS level of diagnostic data gathering to minimum",
      "HeaderRu": "Установить уровень сбора диагностических сведений ОС на минимальный",
      "List": [
        {
          "SecurityEn": "Diagnostic Data Off",
          "SecurityRu": "Необязательные диагностические данные",
          "BasicEn": "Required Diagnostic Data",
          "BasicRu": "Обязательные диагностические данные"
        }
      ],
      "DescriptionSecurityEn": "No Windows diagnostic data sent",
      "DescriptionSecurityRu": "Никакие диагностические данные Windows не будут отправляться",
      "DescriptionBasicEn": "Minimum data required to keep the device secure, up to date, and performing as expected",
      "DescriptionBasicRu": "Минимальный набор данных, необходимых для обеспечения безопасности, обновлений и производительности устройства",
      "Type": "List",
      "Sha256": "923F91C3FE6240BD1A737A0BDBD078BB2D23707B47B0490B08AB4253733531FE",
      "Tag": "Privacy"
    },
    {
      "Id": "1x3",
      "Path": "Scripts\\1. Privacy\\3. Windows Error Reporting.ps1",
      "HeaderEn": "Turn off Windows Error Reporting for the current user",
      "HeaderRu": "Отключить отчеты об ошибках Windows для текущего пользователя",
      "DescriptionEn": "Windows Error Reporting sends data to Microsoft for specific event types such as generic, non-fatal errors: crash, no response, and kernel fault errors",
      "DescriptionRu": "Функция отчетов об ошибках отправляет набор данных в Microsoft для определенных типов событий, таких как общие, нефатальные ошибки: сбои в приложениях, неотвечающих приложения и ошибки в ядре",
      "Type": "Switch",
      "Sha256": "CCB0727AC99760FC73525197EBF3AC16C77279A48DF15E97A99C0174C18151DC",
      "Tag": "Privacy"
    },
    {
      "Id": "1x4",
      "Path": "Scripts\\1. Privacy\\4. Windows feedback frequency.ps1",
      "HeaderEn": "Change Windows Feedback frequency to \"Never\" for the current user",
      "HeaderRu": "Изменить частоту формирования отзывов на \"Никогда\" для текущего пользователя",
      "DescriptionEn": "Сhoose how often you're asked to rate or provide written feedback about Windows 10",
      "DescriptionRu": "Выбрать, как часто вас будут просить оценить или отправить письменный отзыв о работе Windows 10",
      "Type": "Switch",
      "Sha256": "BAFC34DF28B0B2E310730F0CBBB03464130FEBF41733FD42CB221E6F691C7BFA",
      "Tag": "Privacy"
    },
    {
      "Id": "1x5",
      "Path": "Scripts\\1. Privacy\\5. Diagnostics tracking scheduled tasks.ps1",
      "HeaderEn": "Turn off diagnostics tracking scheduled tasks",
      "HeaderRu": "Отключить задачи диагностического отслеживания",
      "DescriptionEn": "",
      "DescriptionRu": "",
      "Type": "Switch",
      "Sha256": "F56EDEB58D25D7C550251D77187BD45CD6FBA58D4A933CCA041C4427C63490E8",
      "Tag": "Privacy"
    },
    {
      "Id": "1x6",
      "Path": "Scripts\\1. Privacy\\6. Sign-in options.ps1",
      "HeaderEn": "Do not use sign-in info to automatically finish setting up device and reopen apps after an update or restart",
      "HeaderRu": "Не использовать данные для входа для автоматического завершения настройки устройства и открытия приложений после перезапуска или обновления",
      "DescriptionEn": "",
      "DescriptionRu": "",
      "Type": "Switch",
      "Sha256": "7D7982EDEB12CF33DE1A88E7E5E089AD555852F3A836064591DBD6106BF4E276",
      "Tag": "Privacy"
    },
    {
      "Id": "1x7",
      "Path": "Scripts\\1. Privacy\\7. Websites locally relevant content.ps1",
      "HeaderEn": "Do not let websites provide locally relevant content by accessing language list (current user only)",
      "HeaderRu": "Не позволять веб-сайтам предоставлять местную информацию за счет доступа к списку языков (только для текущего пользователя)",
      "DescriptionEn": "",
      "DescriptionRu": "",
      "Type": "Switch",
      "Sha256": "A51388C1D7A41DDBB582ED261488015BF935B23F031788EB5C09CF8E111ABFDF",
      "Tag": "Privacy"
    },
    {
      "Id": "1x8",
      "Path": "Scripts\\1. Privacy\\8. Advertising ID.ps1",
      "HeaderEn": "Do not allow apps to use advertising ID (current user only)",
      "HeaderRu": "Не разрешать приложениям использовать идентификатор рекламы (только для текущего пользователя)",
      "DescriptionEn": "",
      "DescriptionRu": "",
      "Type": "Switch",
      "Sha256": "852FDB2FDE347BD7DC555044A49E649072E3C133A53E199DD56DA8AA35FE8040",
      "Tag": "Privacy"
    },
    {
      "Id": "1x9",
      "Path": "Scripts\\1. Privacy\\9. Share across devices.ps1",
      "HeaderEn": "Do not let apps on other devices open and message apps on this device, and vice versa (current user only)",
      "HeaderRu": "Не разрешать приложениям на других устройствах запускать приложения и отправлять сообщения на этом устройстве и наоборот (только для текущего пользователя)",
      "DescriptionEn": "Allows apps on your device to communicate with other devices and open the same apps on them",
      "DescriptionRu": "Позволяет приложениям на вашем устройстве обмениться данными с другими устройствами и открывать такие же приложения на них",
      "Type": "Switch",
      "Sha256": "1668F5A57045BDEEE49D56FFEC6DE406059C93021EDB6C244CA025A881813C81",
      "Tag": "Privacy"
    },
    {
      "Id": "1x10",
      "Path": "Scripts\\1. Privacy\\10. Windows welcome experiences after updates.ps1",
      "HeaderEn": "Do not show the Windows welcome experiences after updates and occasionally when I sign in to highlight what's new and suggested (current user only)",
      "HeaderRu": "Не показывать экран приветствия Windows после обновлений и иногда при входе, чтобы сообщить о новых функциях и предложениях (только для текущего пользователя)",
      "DescriptionEn": "",
      "DescriptionRu": "",
      "Type": "Switch",
      "Sha256": "50219BBC407B77835D37EDF8D9338A13DEBF6F3D4E3007BB83AFA636A3ED7386",
      "Tag": "Privacy"
    },
    {
      "Id": "1x11",
      "Path": "Scripts\\1. Privacy\\11. Tip, trick, and suggestions as you use Windows.ps1",
      "HeaderEn": "Do not show suggested content in the Settings app",
      "HeaderRu": "Не показывать рекомендуемое содержимое в приложении \"Параметры\"",
      "DescriptionEn": "",
      "DescriptionRu": "",
      "Type": "Switch",
      "Sha256": "1DEB2074BE626DBD0FD32F1229B8147D0E3F89218B5AB301A8E950271FCD11EE",
      "Tag": "Privacy"
    },
    {
      "Id": "1x12",
      "Path": "Scripts\\1. Privacy\\12. Suggested content in the Settings app.ps1",
      "HeaderEn": "Do not show suggested content in the Settings app",
      "HeaderRu": "Получать советы, подсказки и рекомендации при использовании Windows",
      "DescriptionEn": "",
      "DescriptionRu": "",
      "Type": "Switch",
      "Sha256": "DF7DEEEFD4923D1D5FA97852EE416A6E958A87DD21EEF14C5EBB7DD25F702E4E",
      "Tag": "Privacy"
    },
    {
      "Id": "1x13",
      "Path": "Scripts\\1. Privacy\\13. Automatic installing suggested apps.ps1",
      "HeaderEn": "Turn off automatic installing suggested apps",
      "HeaderRu": "Отключить автоматическую установку рекомендованных приложений",
      "DescriptionEn": "Windows silently automatically downloads and installs suggested apps from the Microsoft Store without any confirmation by default",
      "DescriptionRu": "По умолчанию Windows в тихом режиме и без подтверждения автоматически скачивает и устанавливает рекомендованные приложения из Microsoft Store",
      "Type": "Switch",
      "Sha256": "A8DDB168B6F9EB58F3C8B32A8C1E26D0B52264960C93D54593FC8EAE22EEF797",
      "Tag": "Privacy"
    },
    {
      "Id": "1x14",
      "Path": "Scripts\\1. Privacy\\14. Get even more out of Windows.ps1",
      "HeaderEn": "Do not suggest ways I can finish setting up my device to get the most out of Windows",
      "HeaderRu": "Не предлагать способы завершения настройки устройства для максимально эффективного использования Windows",
      "DescriptionEn": "Occasionally when you restart the computer or sign out and sign in to Windows 10, you may see a \"Get even more out of Windows\" notification screen to suggest ways you can finish setting up your device",
      "DescriptionRu": "Иногда, когда вы перезагружаете ПК или выходите из системы и входите в Windows 10, вы можете видеть уведомление \"Максимально эффективное использование Windows\", предлагающее способы завершить настройку устройства",
      "Type": "Switch",
      "Sha256": "6971D6DCD34BE8F14314AD7C6AA9ECD3FF480F30D288FAA1EA688562DFB228CA",
      "Tag": "Privacy"
    },
    {
      "Id": "1x15",
      "Path": "Scripts\\1. Privacy\\15. Tailored experiences.ps1",
      "HeaderEn": "Do not offer tailored experiences based on the diagnostic data setting",
      "HeaderRu": "Не предлагать персонализированные возможности, основанные на выбранном параметре диагностических данных",
      "DescriptionEn": "Tailored experiences are personalized tips, ads, and recommendations that enhance Microsoft products and services for your needs",
      "DescriptionRu": "Индивидуальные возможности — это персонализированные советы, рекламные объявления и рекомендации, которые улучшают продукты и услуги Microsoft с учетом ваших нужд",
      "Type": "Switch",
      "Sha256": "317DE665B73DC5654CBD2234A7AF8673FE0B79E9EB4D590CBB93C973515C3A64",
      "Tag": "Privacy"
    },
    {
      "Id": "1x16",
      "Path": "Scripts\\1. Privacy\\16. Bing search in the Start Menu.ps1",
      "HeaderEn": "Disable Bing search in the Start Menu",
      "HeaderRu": "Отключить поиск Bing в меню \"Пуск\"",
      "DescriptionEn": "",
      "DescriptionRu": "",
      "Type": "Switch",
      "Sha256": "77FA16F234FBC6566A8E599B6BA30FB3D674EAD956675C4794EA7AF97E58F242",
      "Tag": "Privacy"
    },
    {
      "Id": "2x1",
      "Path": "Scripts\\2. UI\\1. This PC on Desktop.ps1",
      "HeaderEn": "Show \"This PC\" on Desktop",
      "HeaderRu": "Отобразить \"Этот компьютер\" на рабочем столе",
      "DescriptionEn": "",
      "DescriptionRu": "",
      "Type": "Switch",
      "Sha256": "D767E2421322E7D532B15808FABEE87B767A7D849AD15BC4F83A23E047DB59D3",
      "Tag": "Ui"
    },
    {
      "Id": "2x2",
      "Path": "Scripts\\2. UI\\2. Check boxes.ps1",
      "HeaderEn": "Do not use check boxes to select items",
      "HeaderRu": "Не использовать флажки для выбора элементов",
      "DescriptionEn": "",
      "DescriptionRu": "",
      "Type": "Switch",
      "Sha256": "F97417D68551F75180A920314DCB1F32AFE0F284F6D92C8071F0AD951E2910B0",
      "Tag": "Ui"
    },
    {
      "Id": "2x3",
      "Path": "Scripts\\2. UI\\3. Hidden files, folders, and drives.ps1",
      "HeaderEn": "Show hidden files, folders, and drives",
      "HeaderRu": "Показывать скрытые файлы, папки и диски",
      "DescriptionEn": "",
      "DescriptionRu": "",
      "Type": "Switch",
      "Sha256": "E7566CECFAA81DC64E9ADFA8074C0237E4500F06822515B52A7EE25C4C54755F",
      "Tag": "Ui"
    },
    {
      "Id": "2x4",
      "Path": "Scripts\\2. UI\\4. File name extensions.ps1",
      "HeaderEn": "Show file name extensions",
      "HeaderRu": "Показывать расширения имён файлов",
      "DescriptionEn": "",
      "DescriptionRu": "",
      "Type": "Switch",
      "Sha256": "502D12FCF70AA59C33940B45B9429B70F6690F6772816817424BEBB6367339C9",
      "Tag": "Ui"
    },
    {
      "Id": "2x5",
      "Path": "Scripts\\2. UI\\5. Folder merge conflicts.ps1",
      "HeaderEn": "Do not hide folder merge conflicts",
      "HeaderRu": "Не скрывать конфликт слияния папок",
      "DescriptionEn": "",
      "DescriptionRu": "",
      "Type": "Switch",
      "Sha256": "25C38BABE1251BCC5DBAC854C851E0C377AD76B7622427CD3CCC113E70605BEC",
      "Tag": "Ui"
    },
    {
      "Id": "2x6",
      "Path": "Scripts\\2. UI\\6. Open File Explorer to.ps1",
      "HeaderEn": "Open File Explorer to: \"This PC\"",
      "HeaderRu": "Открывать проводник для: \"Этот компьютер\"",
      "DescriptionEn": "",
      "DescriptionRu": "",
      "Type": "Switch",
      "Sha256": "863E1FC8187B1BBC9248ACA408F8BEA8BE0C4CE0D12E193817BA13949283E21D",
      "Tag": "Ui"
    },
    {
      "Id": "2x7",
      "Path": "Scripts\\2. UI\\7. Folders in the navigation pane.ps1",
      "HeaderEn": "Do not show all folders in the navigation pane",
      "HeaderRu": "Не отображать все папки в области навигации",
      "DescriptionEn": "",
      "DescriptionRu": "",
      "Type": "Switch",
      "Sha256": "021050153600C6E457C2ABF84CB370D2E77D1FB3CD74D76572F3644B56D2C1A7",
      "Tag": "Ui"
    },
    {
      "Id": "2x8",
      "Path": "Scripts\\2. UI\\8. Cortana button on the taskbar.ps1",
      "HeaderEn": "Do not show Cortana button on the taskbar",
      "HeaderRu": "Не показывать кнопку Кортаны на панели задач",
      "DescriptionEn": "",
      "DescriptionRu": "",
      "Type": "Switch",
      "Sha256": "DA8FB0ED4ADCF1857D88C45747B74325F4B850893B3C4C43A6B9F1DD751FFAD8",
      "Tag": "Ui"
    },
    {
      "Id": "2x9",
      "Path": "Scripts\\2. UI\\9. Sync provider notification within File Explorer.ps1",
      "HeaderEn": "Do not show sync provider notification within File Explorer",
      "HeaderRu": "Не показывать уведомления поставщика синхронизации в проводнике",
      "DescriptionEn": "OneDrive ad",
      "DescriptionRu": "Реклама OneDrive",
      "Type": "Switch",
      "Sha256": "D1F3B3AE115DAD607EDA5B70D40A8DB4FCFFFB7766FAE9B7BB590A40B4E05886",
      "Tag": "Ui"
    },
    {
      "Id": "2x10",
      "Path": "Scripts\\2. UI\\10. Task View button on the taskbar.ps1",
      "HeaderEn": "Do not show Task View button on taskbar",
      "HeaderRu": "Не показывать кнопку Просмотра задач",
      "DescriptionEn": "",
      "DescriptionRu": "",
      "Type": "Switch",
      "Sha256": "86E9D687D12673729561DC02BDB2B9E0C537EA197A49372ECD7E5B7D2ADEDEB4",
      "Tag": "Ui"
    },
    {
      "Id": "2x11",
      "Path": "Scripts\\2. UI\\11. People button on the taskbar.ps1",
      "HeaderEn": "Do not show People on the taskbar",
      "HeaderRu": "Не показывать панель \"Люди\" на панели задач",
      "DescriptionEn": "",
      "DescriptionRu": "",
      "Type": "Switch",
      "Sha256": "A78DD073980EF9838F66618F75235D82010E1894DB3E91F680271DBE7DBB31B9",
      "Tag": "Ui"
    },
    {
      "Id": "2x12",
      "Path": "Scripts\\2. UI\\12. Seconds on the taskbar clock.ps1",
      "HeaderEn": "Show seconds on the taskbar clock",
      "HeaderRu": "Отображать секунды в системных часах на панели задач",
      "DescriptionEn": "",
      "DescriptionRu": "",
      "Type": "Switch",
      "Sha256": "D833AD27F8C7149D869DBF414ABB88F682F457A557726B70AB0B8FED090AFE07",
      "Tag": "Ui"
    },
    {
      "Id": "2x13",
      "Path": "Scripts\\2. UI\\13. Snap assist.ps1",
      "HeaderEn": "Do not show when snapping a window, what can be attached next to it",
      "HeaderRu": "Не показывать при прикреплении окна, что можно прикрепить рядом с ним",
      "DescriptionEn": "Drag windows to the sides or corners of ypur screen and they'll automatically size to fit perfectly, side by side",
      "DescriptionRu": "Перетащите окна к боковым сторонам или углам экрана, и они будут автоматически размещены рядом",
      "Type": "Switch",
      "Sha256": "7C60D3FD504DEE5CCE03358BC7D704827DCCB7B2B5274BC4F8A7F56354B71C31",
      "Tag": "Ui"
    },
    {
      "Id": "2x14",
      "Path": "Scripts\\2. UI\\14. File transfer dialog view mode.ps1",
      "HeaderEn": "Show more details in file transfer dialog",
      "HeaderRu": "Развернуть диалог переноса файлов",
      "DescriptionEn": "",
      "DescriptionRu": "",
      "Type": "Switch",
      "Sha256": "98E5463D14CF2F7AEB506865BEB076A9DA0B1B6A0FADBE7B1511465888B9AF77",
      "Tag": "Ui"
    },
    {
      "Id": "2x15",
      "Path": "Scripts\\2. UI\\15. File Explorer Ribbon.ps1",
      "HeaderEn": "Show the Ribbon expanded in File Explorer",
      "HeaderRu": "Отображать ленту проводника в развернутом виде",
      "DescriptionEn": "",
      "DescriptionRu": "",
      "Type": "Switch",
      "Sha256": "6F68B0B07534EB644F2369708E8967CBDEEB70A1DA2A949242D9B3F23D7FC0A4",
      "Tag": "Ui"
    },
    {
      "Id": "2x16",
      "Path": "Scripts\\2. UI\\16. Recycle bin files delete confirmation.ps1",
      "HeaderEn": "Display recycle bin files delete confirmation",
      "HeaderRu": "Запрашивать подтверждение на удаление файлов в корзину",
      "DescriptionEn": "",
      "DescriptionRu": "",
      "Type": "Switch",
      "Sha256": "FFC033A83C338C1E33D5C309211D9ACEA3143A61B20178DFCF1294E91B25001E",
      "Tag": "Ui"
    },
    {
      "Id": "2x17",
      "Path": "Scripts\\2. UI\\17. 3D Objects folder.ps1",
      "HeaderEn": "Hide 3D Objects folder from \"This PC\" and from Quick access",
      "HeaderRu": "Скрыть папку \"Объемные объекты\" из \"Этот компьютер\" и из панели быстрого доступа",
      "DescriptionEn": "",
      "DescriptionRu": "",
      "Type": "Switch",
      "Sha256": "E2FBC51889ACC649DD6912929F07A910B5A51D9508C2666CF6B57F96E66834CE",
      "Tag": "Ui"
    },
    {
      "Id": "2x18",
      "Path": "Scripts\\2. UI\\18. Frequent folders in Quick access.ps1",
      "HeaderEn": "Do not show \"Frequent folders\" in Quick access",
      "HeaderRu": "Не показывать недавно используемые папки на панели быстрого доступа",
      "DescriptionEn": "",
      "DescriptionRu": "",
      "Type": "Switch",
      "Sha256": "7C7E1B2E5A97E95EA132EE36EC1848653749CF6DB8CC2C0C31B43A427BDE228D",
      "Tag": "Ui"
    },
    {
      "Id": "2x19",
      "Path": "Scripts\\2. UI\\19. Recent files in Quick access.ps1",
      "HeaderEn": "Do not show \"Recent files\" in Quick access",
      "HeaderRu": "Не показывать недавно использовавшиеся файлы на панели быстрого доступа",
      "DescriptionEn": "",
      "DescriptionRu": "",
      "Type": "Switch",
      "Sha256": "60C942E183EC5B16DC864CA9684639AA26A58D06E71D95AC5F330DC6A4A94CE6",
      "Tag": "Ui"
    },
    {
      "Id": "2x20",
      "Path": "Scripts\\2. UI\\20. Search box & search icon on taskbar.ps1",
      "HeaderEn": "Hide search box or search icon on taskbar",
      "HeaderRu": "Скрыть поле или значок поиска на панели задач",
      "DescriptionEn": "",
      "DescriptionRu": "",
      "Type": "Switch",
      "Sha256": "B9BDEB4E3923DA07BBDEFA86AAE85E5F0CDF1901F09AFF3343C8037CDBBC48A8",
      "Tag": "Ui"
    },
    {
      "Id": "2x21",
      "Path": "Scripts\\2. UI\\21. Windows Ink Workspace button on the taskbar.ps1",
      "HeaderEn": "Do not show \"Windows Ink Workspace\" button in taskbar",
      "HeaderRu": "Не показывать кнопку Windows Ink Workspace на панели задач",
      "DescriptionEn": "",
      "DescriptionRu": "",
      "Type": "Switch",
      "Sha256": "0D12EBF3A4BEE8FCD11DA6BFF5A19C437974E919897F55505F60AD592B38004A",
      "Tag": "Ui"
    },
    {
      "Id": "2x22",
      "Path": "Scripts\\2. UI\\22. Icons in the notification area.ps1",
      "HeaderEn": "Always show all icons in the notification area",
      "HeaderRu": "Всегда отображать все значки в области уведомлений",
      "DescriptionEn": "",
      "DescriptionRu": "",
      "Type": "Switch",
      "Sha256": "EA7FFCC87BD72449F77D239998C9502980E3E412D7D00D89857F5DA873138F3E",
      "Tag": "Ui"
    },
    {
      "Id": "2x23",
      "Path": "Scripts\\2. UI\\23. Control Panel icons view.ps1",
      "HeaderEn": "Set the large icons in the Control Panel",
      "HeaderRu": "Установить крупные значки в Панели управления",
      "DescriptionEn": "",
      "DescriptionRu": "",
      "Type": "Switch",
      "Sha256": "0CB331FC297191C4BA3A2F3CD8B414A39EA9F67DFBACBB71405A8A3451F6815E",
      "Tag": "Ui"
    },
    {
      "Id": "2x24",
      "Path": "Scripts\\2. UI\\24. The Windows mode color scheme.ps1",
      "HeaderEn": "Choose your default Windows mode color",
      "HeaderRu": "Выбрать цвет режима Windows по умолчанию",
      "DescriptionEn": "",
      "DescriptionRu": "",
      "Type": "Switch",
      "Sha256": "6B141F61912DECFB1C3AEE4F85DF1F7AD96C46688250467281DD2BEFFC806FA0",
      "Tag": "Ui"
    },
    {
      "Id": "2x25",
      "Path": "Scripts\\2. UI\\25. The app mode color scheme.ps1",
      "HeaderEn": "Choose default app mode color",
      "HeaderRu": "Выбрать цвет режима приложений по умолчанию",
      "DescriptionEn": "",
      "DescriptionRu": "",
      "Type": "Switch",
      "Sha256": "6C127DF08E8A7EF171D483D45E3EFDAEDDBACBAADC807B31DF5D5656D07AD46C",
      "Tag": "Ui"
    },
    {
      "Id": "2x26",
      "Path": "Scripts\\2. UI\\26. New App Installed indicator.ps1",
      "HeaderEn": "Do not show \"New App Installed\" notification",
      "HeaderRu": "Не показывать уведомление \"Установлено новое приложение\"",
      "DescriptionEn": "",
      "DescriptionRu": "",
      "Type": "Switch",
      "Sha256": "B749C2E964FEB7938D153F9CCDFCC5B0B627F54EEA2BBDF24FC5730DA544F32E",
      "Tag": "Ui"
    },
    {
      "Id": "2x27",
      "Path": "Scripts\\2. UI\\27. User first sign-in animation after the upgrade.ps1",
      "HeaderEn": "Do not show user first sign-in animation after the upgrade",
      "HeaderRu": "Не показывать анимацию приветствия при первом входе в систему после обновления",
      "DescriptionEn": "",
      "DescriptionRu": "",
      "Type": "Switch",
      "Sha256": "32A07B2CD6D87381DE1713316D76BCE64EA3AE75BF1E619A5F62288EA7AD2D57",
      "Tag": "Ui"
    },
    {
      "Id": "2x28",
      "Path": "Scripts\\2. UI\\28. JPEG desktop wallpaper import quality reduction.ps1",
      "HeaderEn": "Turn off JPEG desktop wallpaper import quality reduction",
      "HeaderRu": "Отключить снижение качества при импорте фонового изображение рабочего стола в формате JPEG",
      "DescriptionEn": "If a JPEG image as your desktop background wallpaper selected, then Windows will reduce the quality to only 85\\% of the original image quality",
      "DescriptionRu": "Если в качестве фонового рисунка рабочего стола выбрано изображение формата JPEG, Windows снизит качество исходного качества изображения до 85 \\%",
      "Type": "Switch",
      "Sha256": "C9E9A2E369E6D2EB4C1A85A8A6B36E6FF2766731AEC4CE9AA97B9E5EB06C3ED8",
      "Tag": "Ui"
    },
    {
      "Id": "2x29",
      "Path": "Scripts\\2. UI\\29. Notification when your PC requires a restart to finish updating.ps1",
      "HeaderEn": "Show a notification when your PC requires a restart to finish updating",
      "HeaderRu": "Показывать уведомление, когда компьютеру требуется перезагрузка для завершения обновления",
      "DescriptionEn": "",
      "DescriptionRu": "",
      "Type": "Switch",
      "Sha256": "F705E682CD1BAEF8197B7DB69E4A5F02E57379D0F93556C1484D0F808C32B27A",
      "Tag": "Ui"
    },
    {
      "Id": "2x30",
      "Path": "Scripts\\2. UI\\30. The '- Shortcut' suffix for created shortcuts.ps1",
      "HeaderEn": "Do not add the \"- Shortcut\" for created shortcuts",
      "HeaderRu": "Нe дoбaвлять \"- яpлык\" для coздaвaeмыx яpлыкoв",
      "DescriptionEn": "",
      "DescriptionRu": "",
      "Type": "Switch",
      "Sha256": "141ADBD0C427EEE430AB70E06359279BB48F79D5F3256E321A21B8ADD75A97E6",
      "Tag": "Ui"
    },
    {
      "Id": "2x31",
      "Path": "Scripts\\2. UI\\31. PrtScn button to open screen snipping.ps1",
      "HeaderEn": "Use the PrtScn button to open screen snipping",
      "HeaderRu": "Использовать кнопку PRINT SCREEN, чтобы запустить функцию создания фрагмента экрана",
      "DescriptionEn": "",
      "DescriptionRu": "",
      "Type": "Switch",
      "Sha256": "2374682C83D2C943ED8D6A7911B013DB79BD574F05B52B9151EF5A1D7C84BD2C",
      "Tag": "Ui"
    },
    {
      "Id": "3x1",
      "Path": "Scripts\\3. OneDrive\\1. OneDrive.ps1",
      "HeaderEn": "Uninstall OneDrive",
      "HeaderRu": "Удалить OneDrive",
      "DescriptionEn": "",
      "DescriptionRu": "",
      "Type": "Switch",
      "Sha256": "20C2488A8FEFABF53DAB069BFD849EBCB4F90E4553F18783CAD1094C7EFEF51B",
      "Tag": "OneDrive"
    },
    {
      "Id": "4x1",
      "Path": "Scripts\\4. System\\1. Storage Sense.ps1",
      "HeaderEn": "Turn on Storage Sense",
      "HeaderRu": "Включить контроль памяти",
      "DescriptionEn": "Storage Sense can automatically free up space by getting rId of files you don't need only when your device is low on storage space",
      "DescriptionRu": "Функция контроля может автоматически освободить место, удалив ненужные файлы только при нехватке свободного места на устройстве",
      "Type": "Switch",
      "Sha256": "CE45EC3022E1D411574E0D6043B83F3FB03C2FC69A926EEA6B69B6F02CDD2D5A",
      "Tag": "System"
    },
    {
      "Id": "4x2",
      "Path": "Scripts\\4. System\\2. Storage Sense running frequency.ps1",
      "HeaderEn": "Run Storage Sense every month",
      "HeaderRu": "Запускать Контроль памяти каждый месяц",
      "DescriptionEn": "",
      "DescriptionRu": "",
      "Type": "Switch",
      "Sha256": "CBCAA5DE5FA0133F914F49B1C9E229C15BA4F96D6A59904A813ABB9E29228179",
      "Tag": "System"
    },
    {
      "Id": "4x3",
      "Path": "Scripts\\4. System\\3. Storage Sense temporary files.ps1",
      "HeaderEn": "Delete temporary files that apps aren't using",
      "HeaderRu": "Удалять временные файлы, не используемые в приложениях",
      "DescriptionEn": "",
      "DescriptionRu": "",
      "Type": "Switch",
      "Sha256": "40A67397AD071055F8B9419438411072B2225A40DED2671E1BEEC68F5517115A",
      "Tag": "System"
    },
    {
      "Id": "4x4",
      "Path": "Scripts\\4. System\\4. Storage Sense recycle bin.ps1",
      "HeaderEn": "Delete files in recycle bin if they have been there for over 30 days",
      "HeaderRu": "Удалять файлы из корзины, если они находятся в корзине более 30 дней",
      "DescriptionEn": "",
      "DescriptionRu": "",
      "Type": "Switch",
      "Sha256": "D90229881A76202090F88A0ACC7879933E4890ECB6303A8373E4C6553CE73ACE",
      "Tag": "System"
    },
    {
      "Id": "4x5",
      "Path": "Scripts\\4. System\\5. Hibernation.ps1",
      "HeaderEn": "Disable hibernation if the device is not a laptop",
      "HeaderRu": "Отключить режим гибернации, если устройство не является ноутбуком",
      "DescriptionEn": "",
      "DescriptionRu": "",
      "Type": "Switch",
      "Sha256": "E12738FF204A95AC51315110F0AB43D67ACEC00F210BEC2A418FA7984CE9CA1E",
      "Tag": "System"
    },
    {
      "Id": "4x6",
      "Path": "Scripts\\4. System\\6. The TEMP environment variable path.ps1",
      "HeaderEn": "Change the \\%TEMP\\% environment variable path to the \\%SystemDrive\\%\\Temp",
      "HeaderRu": "Изменить путь переменной среды для $env:TEMP на \\%SystemDrive\\%\\Temp",
      "DescriptionEn": "",
      "DescriptionRu": "",
      "Type": "Switch",
      "Sha256": "648083717F667E7FE499E611C5A8D8ED4681FF039E6CDE1377D74A23B850E9A8",
      "Tag": "System"
    },
    {
      "Id": "4x7",
      "Path": "Scripts\\4. System\\7. Windows 260 character path limit.ps1",
      "HeaderEn": "Disable Windows 260 character path limit",
      "HeaderRu": "Отключить ограничение Windows на 260 символов в пути",
      "DescriptionEn": "",
      "DescriptionRu": "",
      "Type": "Switch",
      "Sha256": "D5240DA8C83FC00A022C2C5719A9E2F225AB92C80FFFBE99FDB0595B75EB08F0",
      "Tag": "System"
    },
    {
      "Id": "4x8",
      "Path": "Scripts\\4. System\\8. Stop error information on the BSoD.ps1",
      "HeaderEn": "Display the Stop error information on the BSoD",
      "HeaderRu": "Отображать Stop-ошибку при появлении BSoD",
      "DescriptionEn": "",
      "DescriptionRu": "",
      "Type": "Switch",
      "Sha256": "D7D5319A2972713720E8079542E439A5CF7CD99CADD2E009074D2DAB53D3DF80",
      "Tag": "System"
    },
    {
      "Id": "4x9",
      "Path": "Scripts\\4. System\\9. Behavior of the elevation prompt for administrators in Admin Approval Mode.ps1",
      "HeaderEn": "Change \"Behavior of the elevation prompt for administrators in Admin Approval Mode\" to",
      "HeaderRu": "Изменить \"Поведение запроса на повышение прав для администраторов в режиме одобрения администратором\" на ",
      "List": [
        {
          "ElevateEn": "Elevate without prompting",
          "ElevateRu": "Повышение прав без запроса",
          "NonElevateEn": "Prompt for consent for non-Windows binaries",
          "NonElevateRu": "Запрос согласия для исполняемых файлов, отличных от Windows"
        }
      ],
      "DescriptionEn": "",
      "DescriptionRu": "",
      "Type": "List",
      "Sha256": "42DFDB4BE8278BD122F4A0340C99D5A8376DA887265D4DF2B3A61C3158DD4D6E",
      "Tag": "System"
    },
    {
      "Id": "4x10",
      "Path": "Scripts\\4. System\\10. Access to mapped drives from app.ps1",
      "HeaderEn": "Turn on access to mapped drives from app running with elevated permissions with Admin Approval Mode enabled",
      "HeaderRu": "Включить доступ к сетевым дискам при включенном режиме одобрения администратором при доступе из программ, запущенных с повышенными правами",
      "DescriptionEn": "",
      "DescriptionRu": "",
      "Type": "Switch",
      "Sha256": "B848C8B0A154081706797CCA23236DA8E3DB9C6D6F610B87F623073E9AA363F0",
      "Tag": "System"
    },
    {
      "Id": "4x11",
      "Path": "Scripts\\4. System\\11. Delivery Optimization.ps1",
      "HeaderEn": "Opt out of the Delivery Optimization-assisted updates downloading",
      "HeaderRu": "Отказаться от загрузки обновлений с помощью оптимизации доставки",
      "DescriptionEn": "",
      "DescriptionRu": "",
      "Type": "Switch",
      "Sha256": "FFD626F2B1E52424419DA07A8BAE35647F1D71D6778595BCB50FBAF0B7792215",
      "Tag": "System"
    },
    {
      "Id": "4x12",
      "Path": "Scripts\\4. System\\12. Wait for the network at startup.ps1",
      "HeaderEn": "Always wait for the network at computer startup and logon",
      "HeaderRu": "Всегда ждать сеть при запуске и входе в систему",
      "DescriptionEn": "Windows waits for complete network initialization before users are logged on",
      "DescriptionRu": "Windows ожидает полной инициализации сети, прежде чем пользователи войдут в систему",
      "Type": "Switch",
      "Sha256": "F92FD174814D6D90A00768B633AD2978F85D14ACE0E0D8CDADDBB72A6E66B417",
      "Tag": "System"
    },
    {
      "Id": "4x13",
      "Path": "Scripts\\4. System\\13. Default printer.ps1",
      "HeaderEn": "Do not let Windows decide which printer should be the default one",
      "HeaderRu": "Не разрешать Windows управлять принтером, используемым по умолчанию",
      "DescriptionEn": "Windows set your default printer to be the one you used most recently at your current location",
      "DescriptionRu": "Не разрешать Windows решать, какой принтер должен использоваться по умолчанию",
      "Type": "Switch",
      "Sha256": "116E0069E525450A00848CE1F8576417784793B1A11EBE4CF39F4BBA2896576C",
      "Tag": "System"
    },
    {
      "Id": "4x14",
      "Path": "Scripts\\4. System\\14. Windows features.ps1",
      "HeaderEn": "Disable the following Windows features",
      "HeaderRu": "Отключить следующие компоненты Windows",
      "DescriptionEn": "",
      "DescriptionRu": "",
      "Type": "Switch",
      "Sha256": "A8733EC313486CF66724005F5CD43894183D511E70B21E90266C564338BEC019",
      "Tag": "System"
    },
    {
      "Id": "4x15",
      "Path": "Scripts\\4. System\\15. WSL.ps1",
      "HeaderEn": "Install the Windows Subsystem for Linux (WSL)",
      "HeaderRu": "Установить подсистему Windows для Linux (WSL)",
      "DescriptionEn": "",
      "DescriptionRu": "",
      "Type": "Switch",
      "Sha256": "E933C8AF7F579EE91947D078F5564810BE04FD8722B3160B971DC29162D23669",
      "Tag": "System"
    },
    {
      "Id": "4x16",
      "Path": "Scripts\\4. System\\16. WSL setup.ps1",
      "HeaderEn": "Setup WSL",
      "HeaderRu": "Настроить WSL",
      "DescriptionEn": "Set WSL 2 as default version. Disable swap file creation",
      "DescriptionRu": "Установить WSL 2 как версию по умолчанию. Отключить создание своп-файла",
      "Type": "Switch",
      "Sha256": "88FF389349B6C58AD23FA0F4AF6170E3A486647895145E5C53B3EE50B6EEC609",
      "Tag": "System"
    },
    {
      "Id": "4x17",
      "Path": "Scripts\\4. System\\17. Windows capabilities.ps1",
      "HeaderEn": "Disable certain Feature On Demand v2 (FODv2) capabilities",
      "HeaderRu": "Отключить определенные компоненты \"Функции по требованию\" (FODv2)",
      "DescriptionEn": "",
      "DescriptionRu": "",
      "Type": "Switch",
      "Sha256": "08F92000FF8F6544F7E76D3F093F4B692C071B78887E9DF02EFB497C756BDDDE",
      "Tag": "System"
    },
    {
      "Id": "4x18",
      "Path": "Scripts\\4. System\\18. Updates for other Microsoft products.ps1",
      "HeaderEn": "Opt-in to Microsoft Update service, so to receive updates for other Microsoft products",
      "HeaderRu": "Подключаться к службе Microsoft Update так, чтобы при обнволении Windows получать обновления для других продуктов Майкрософт",
      "DescriptionEn": "",
      "DescriptionRu": "",
      "Type": "Switch",
      "Sha256": "66AD094CEA13E5875911C09676CC3209E96EDD795791982BCD9103306B669AEA",
      "Tag": "System"
    },
    {
      "Id": "4x19",
      "Path": "Scripts\\4. System\\19. UWP background apps.ps1",
      "HeaderEn": "Do not let UWP apps run in the background, except the followings",
      "HeaderRu": "Не разрешать UWP-приложениям работать в фоновом режиме, кроме следующих",
      "DescriptionEn": "The apps can receive infom send notifications, and stay up-todate, even when you're not using them",
      "DescriptionRu": "Приложения не смогут получать сведения, отправлять уведомления и обновляться, даже если вы их не используете",
      "Type": "Switch",
      "Sha256": "6C1552652C68317AD4C9751EECC5A189CAA7591AC367B7E039C26531FA990CDD",
      "Tag": "System"
    },
    {
      "Id": "4x20",
      "Path": "Scripts\\4. System\\20. Power management scheme.ps1",
      "HeaderEn": "Set the power management scheme on \"High performance\" if device is a desktop, or \"Balanced\"",
      "HeaderRu": "Установить схему управления питанием на \"Высокая производительность\", если устройство является стационарным ПК, или \"Сбалансированная\"",
      "DescriptionEn": "",
      "DescriptionRu": "",
      "Type": "Switch",
      "Sha256": "CE1D2B4D0C0AC9637D0584C411AEBB615562FCA1868C9928015932282B1B3BF9",
      "Tag": "System"
    },
    {
      "Id": "4x21",
      "Path": "Scripts\\4. System\\21. Latest installed .NET runtime for all apps.ps1",
      "HeaderEn": "Use latest installed .NET runtime for all apps",
      "HeaderRu": "Использовать последнюю установленную среду выполнения .NET для всех приложений",
      "DescriptionEn": "",
      "DescriptionRu": "",
      "Type": "Switch",
      "Sha256": "0D2FF689CC6C72AA9444BF2D5A4413940356034B0BF7AED6782763D6288B29D1",
      "Tag": "System"
    },
    {
      "Id": "4x22",
      "Path": "Scripts\\4. System\\22. Network adapters save power.ps1",
      "HeaderEn": "Do not allow the computer (if device is not a laptop) to turn off the network adapters to save power",
      "HeaderRu": "Запретить отключение всех сетевых адаптеров для экономии энергии (если устройство не является ноутбуком)",
      "DescriptionEn": "",
      "DescriptionRu": "",
      "Type": "Switch",
      "Sha256": "AA1BABFBBBFF1B025974A27E7A83AC407FB52203FE49BFA6A110ACA2785AF9F2",
      "Tag": "System"
    },
    {
      "Id": "4x23",
      "Path": "Scripts\\4. System\\23. Default input method.ps1",
      "HeaderEn": "Set the default input method to the English language",
      "HeaderRu": "Установить метод ввода по умолчанию на английский язык",
      "DescriptionEn": "",
      "DescriptionRu": "",
      "Type": "Switch",
      "Sha256": "FF55E9BA91B141355E5A7C6CE1C5E54A30F7E6A0F54819F6AC0F3E4130C79D81",
      "Tag": "System"
    },
    {
      "Id": "4x24",
      "Path": "Scripts\\4. System\\24. Windows Sandbox.ps1",
      "HeaderEn": "Enable Windows Sandbox",
      "HeaderRu": "Включить Windows Sandbox",
      "DescriptionEn": "",
      "DescriptionRu": "",
      "Type": "Switch",
      "Sha256": "7A81D5C1A5EB03FB9D794978F08082F04BDFF72A5AA94D1ACDF38730E60156C8",
      "Tag": "System"
    },
    {
      "Id": "4x25",
      "Path": "Scripts\\4. System\\25. Location of the user folders.ps1",
      "HeaderEn": "Change the location of the user folders to %SystemDrive%",
      "HeaderRu": "Изменить расположение пользовательских папок на %SystemDrive%",
      "DescriptionEn": "",
      "DescriptionRu": "",
      "Type": "Switch",
      "Sha256": "EACBBC4D03E85C3B5E59496C5C13F94F3FF48D7406338D70FEBFF94C58C47A78",
      "Tag": "System"
    },
    {
      "Id": "4x26",
      "Path": "Scripts\\4. System\\26. Save screenshots folder.ps1",
      "HeaderEn": "Save screenshots by pressing Win+PrtScr to the Desktop folder",
      "HeaderRu": "Сохранять скриншоты по нажатию Win+PrtScr в папку \"рабочий стол\"",
      "DescriptionEn": "",
      "DescriptionRu": "",
      "Type": "Switch",
      "Sha256": "73BC572F7A9CDE4169AA8F40C7365193704062CA3E0C28DC28C91E8D6B51FBA0",
      "Tag": "System"
    },
    {
      "Id": "4x27",
      "Path": "Scripts\\4. System\\27. Troubleshooters behavior.ps1",
      "HeaderEn": "Recommneded troubleshooting",
      "HeaderRu": "Рекомендуемые способы устранения неполадок",
      "List": [
        {
          "AutoEn": "Run troubleshooters automatically, then notify",
          "AutoRu": "Автоматически запускать средства устранения неполадок, а затем уведомлять",
          "AskEn": "Ask me before running troubleshooters",
          "AskRu": "Спрашивать перед запуском средств устранения неполадок"
        }
      ],
      "DescriptionEn": "",
      "DescriptionRu": "",
      "Type": "List",
      "Sha256": "6B6DB0ACA85B286A6F4A373F89867AE5CB39A006A92892CACCC6528E740A2324",
      "Tag": "System"
    },
    {
      "Id": "4x28",
      "Path": "Scripts\\4. System\\28. Launch folder windows in a separate process.ps1",
      "HeaderEn": "Launch folder windows in a separate process",
      "HeaderRu": "Запускать окна с папками в отдельном процессе",
      "DescriptionEn": "",
      "DescriptionRu": "",
      "Type": "Switch",
      "Sha256": "4892653FFA52E85B6501B07ECEF9268AF1BC7D88797358A5D5B3807DC66B571B",
      "Tag": "System"
    },
    {
      "Id": "4x29",
      "Path": "Scripts\\4. System\\29. Reserved storage.ps1",
      "HeaderEn": "Disable and delete reserved storage after the next update installation",
      "HeaderRu": "Отключить и удалить зарезервированное хранилище после следующей установки обновлений",
      "DescriptionEn": "",
      "DescriptionRu": "",
      "Type": "Switch",
      "Sha256": "FB51A89F7D7A5BE2F871443E67E54D4457CCC3B9AA5F7C11B6397566E6B4EE11",
      "Tag": "System"
    },
    {
      "Id": "4x30",
      "Path": "Scripts\\4. System\\30. F1 help page.ps1",
      "HeaderEn": "Disable help lookup via F1",
      "HeaderRu": "Отключить открытие справки по нажатию F1",
      "DescriptionEn": "",
      "DescriptionRu": "",
      "Type": "Switch",
      "Sha256": "D6D3945C726122E54A6E208BE4F9FDED732CD03F8543AC729679C0F1B74A8564",
      "Tag": "System"
    },
    {
      "Id": "5x31",
      "Path": "Scripts\\4. System\\31. Num Lock at startup.ps1",
      "HeaderEn": "Turn on Num Lock at startup",
      "HeaderRu": "Включить Num Lock при загрузке",
      "DescriptionEn": "",
      "DescriptionRu": "",
      "Type": "Switch",
      "Sha256": "226C33BD43984B91542E6E99008D0F9778ED1F438E9FB426335A6C6AEAADAF42",
      "Tag": "StartMenu"
    },
    {
      "Id": "4x32",
      "Path": "Scripts\\4. System\\32. Sticky Shift.ps1",
      "HeaderEn": "Do not activate StickyKey after tapping the Shift key 5 times",
      "HeaderRu": "Не включать залипание клавиши Shift после 5 нажатий",
      "DescriptionEn": "",
      "DescriptionRu": "",
      "Type": "Switch",
      "Sha256": "61368E654361504AC68CFB661277C98880E34EEF6C20050CB0D56415022FA4E2",
      "Tag": "System"
    },
    {
      "Id": "4x33",
      "Path": "Scripts\\4. System\\33. AutoPlay for all media and devices.ps1",
      "HeaderEn": "Do not use AutoPlay for all media and devices",
      "HeaderRu": "Не использовать автозапуск для всех носителей и устройств",
      "DescriptionEn": "",
      "DescriptionRu": "",
      "Type": "Switch",
      "Sha256": "6FD1E2A1FFC35D76AC4AFF35261FAC76367F0580CE7A3EE5943DA1E2F59890C3",
      "Tag": "System"
    },
    {
      "Id": "4x34",
      "Path": "Scripts\\4. System\\34. Thumbnail cache removal.ps1",
      "HeaderEn": "Disable thumbnail cache removal",
      "HeaderRu": "Отключить удаление кэша миниатюр",
      "DescriptionEn": "",
      "DescriptionRu": "",
      "Type": "Switch",
      "Sha256": "D7BC216086C666EEB120B149CB4AE848A4650C64FF3E39D73388E37EAF8E6CD3",
      "Tag": "System"
    },
    {
      "Id": "4x35",
      "Path": "Scripts\\4. System\\35. Save restartable apps.ps1",
      "HeaderEn": "Automatically save my restartable apps when signing out and restart them after signing in",
      "HeaderRu": "Автоматически сохранять мои перезапускаемые приложения при выходе из системы и перезапускать их после выхода",
      "DescriptionEn": "",
      "DescriptionRu": "",
      "Type": "Switch",
      "Sha256": "EB9D55BF66834F333EB7BBB0B3E1078D2E437D9E86FE740425D979E5C936EB23",
      "Tag": "System"
    },
    {
      "Id": "4x36",
      "Path": "Scripts\\4. System\\36. Network discovery and file and printers sharing.ps1",
      "HeaderEn": "Enable \"Network Discovery\" and \"File and Printers Sharing\" for workgroup networks",
      "HeaderRu": "Включить сетевое обнаружение и общий доступ к файлам и принтерам для рабочих групп",
      "DescriptionEn": "",
      "DescriptionRu": "",
      "Type": "Switch",
      "Sha256": "9E5C8D7B1D8E1AF9E3B90D4E42A625095144B40394A2080C4A190BAD6DCF8013",
      "Tag": "System"
    },
    {
      "Id": "4x37",
      "Path": "Scripts\\4. System\\37. Active hours.ps1",
      "HeaderEn": "Automatically adjust active hours for me based on daily usage",
      "HeaderRu": "Автоматически изменять период активности для этого устройства на основе действий",
      "DescriptionEn": "The more you use this device, the better we'll be able to suggest active hours",
      "DescriptionRu": "Чем больше вы используете это устройство, тем более удобный период активности будет вам предлагаться",
      "Type": "Switch",
      "Sha256": "4E5D53718BFCFE121D065AFE9264238862EA0DD4DEEBCFF8FEBE2085A7A2764A",
      "Tag": "System"
    },
    {
      "Id": "4x38",
      "Path": "Scripts\\4. System\\38. Restart device as soon as possible.ps1",
      "HeaderEn": "Перезапускать это устройство как можно быстрее, если для установки обновления требуется перезагрузка",
      "HeaderRu": "Restart this device as soon as possible when a restart is required to install an update",
      "DescriptionEn": "",
      "DescriptionRu": "",
      "Type": "Switch",
      "Sha256": "40382AE45855B3C1A4EBC62CA126EE9F187E2370C55F6E163B0831E7F5FA7184",
      "Tag": "System"
    },
    {
      "Id": "5x1",
      "Path": "Scripts\\5. Start Menu\\1. Recently added apps in the Start menu.ps1",
      "HeaderEn": "Do not show recently added apps in the Start menu",
      "HeaderRu": "Не показывать недавно добавленные приложения в меню \"Пуск\"",
      "DescriptionEn": "",
      "DescriptionRu": "",
      "Type": "Switch",
      "Sha256": "F116144B00E2DD2348CAD928EE9BB5BADA6C10F6D33E1165E689C015E1363301",
      "Tag": "StartMenu"
    },
    {
      "Id": "5x2",
      "Path": "Scripts\\5. Start Menu\\2. App suggestions in the Start menu.ps1",
      "HeaderEn": "Do not show app suggestions in the Start menu",
      "HeaderRu": "Не показывать рекомендации в меню \"Пуск\"",
      "DescriptionEn": "",
      "DescriptionRu": "",
      "Type": "Switch",
      "Sha256": "513DF3952BF19E2370EEDB1DEF131DC68BE92BB9BA823BBD4172557987A01781",
      "Tag": "StartMenu"
    },
    {
      "Id": "5x3",
      "Path": "Scripts\\5. Start Menu\\3. Run the Command Prompt shortcut from the Start menu.ps1",
      "HeaderEn": "Run the Command Prompt shortcut from the Start menu as Administrator",
      "HeaderRu": "Запускать ярлык командной строки в меню \"Пуск\" от имени Администратора",
      "DescriptionEn": "",
      "DescriptionRu": "",
      "Type": "Switch",
      "Sha256": "825F9EEDBEDF3DE6844C5970B00D4EB43D9A407C5A234812B0C34940B12432AD",
      "Tag": "StartMenu"
    },
    {
      "Id": "5x4",
      "Path": "Scripts\\5. Start Menu\\4. Unpin all the Start tiles.ps1",
      "HeaderEn": "Unpin all the Start tiles",
      "HeaderRu": "Открепить все ярлыки от начального экрана",
      "DescriptionEn": "",
      "DescriptionRu": "",
      "Type": "Icon",
      "Sha256": "3E271AB45513EFD0DD5627A8C84FBAF1D1066283654E01AADD612FCC0FA9AFAA",
      "Tag": "StartMenu"
    },
    {
      "Id": "5x5",
      "Path": "Scripts\\5. Start Menu\\5. Pin Control Panel to Start.ps1",
      "HeaderEn": "Pin \"Control Panel\" to Start",
      "HeaderRu": "Закрепить ярлык \"Панели управления\" и на начальном экране",
      "DescriptionEn": "",
      "DescriptionRu": "",
      "Type": "Icon",
      "Sha256": "D1644B4C298248443207E19202A370E0ACC6B842B2DD8FEBDA3ABE4DDAA12359",
      "Tag": "StartMenu"
    },
    {
      "Id": "5x6",
      "Path": "Scripts\\5. Start Menu\\6. Pin Devices and Printers to Start.ps1",
      "HeaderEn": "Pin the old-style \"Devices and Printers\" shortcut to Start",
      "HeaderRu": "Закрепить ярлык старого формата \"Устройства и принтеры\" на начальном экране",
      "DescriptionEn": "",
      "DescriptionRu": "",
      "Type": "Icon",
      "Sha256": "300839642D8B17EDE83B7B6D2CC347016DFD434EE7F83D00297BA959AF7DC351",
      "Tag": "StartMenu"
    },
    {
      "Id": "5x7",
      "Path": "Scripts\\5. Start Menu\\7. Pin Command Prompt to Start.ps1",
      "HeaderEn": "Pin \"Command Prompt\" shortcut to Start",
      "HeaderRu": "Закрепить ярлык \"Командную строку\" на начальном экране",
      "DescriptionEn": "",
      "DescriptionRu": "",
      "Type": "Icon",
      "Sha256": "1B79511132E098AAA3F2D923759B227E2002C08411B6438CAFD61794D2FD5EA5",
      "Tag": "StartMenu"
    },
    {
      "Id": "6x1",
      "Path": "Scripts\\6. UWP Apps\\1. Uninstall UWP apps.ps1",
      "HeaderEn": "Uninstall all UWP apps from all accounts",
      "HeaderRu": "Удалить все UWP-приложения из всех учетных записей",
      "DescriptionEn": "App packages will not be installed for new users if \"Uninstall for All Users\" is checked",
      "DescriptionRu": "Приложения не будут установлены для новых пользователе, если отмечено \"Удалять для всех пользователей\"",
      "Type": "Icon",
      "Sha256": "7B7A963B5CB4B7A17C8565723187E83805519A66D8467CDD4ED4A9E593D0200A",
      "Tag": "Uwp"
    },
    {
      "Id": "6x2",
      "Path": "Scripts\\6. UWP Apps\\2. Open HEVC Microsoft Store page.ps1",
      "HeaderEn": "Open Microsoft Store \"HEVC Video Extensions from Device Manufacturer\" page",
      "HeaderRu": "Открыть страницу \"Расширения для видео HEVC от производителя устройства\" в Microsoft Store",
      "DescriptionEn": "The extension can be installed without Microsoft account for free instead of $0.99",
      "DescriptionRu": "Расширение может быть установлено без учетной записи Microsoft бесплатно вместо 0,99 $",
      "Type": "Icon",
      "Sha256": "6148256630ED2A2DC12E01FAD67D302716A6CCDAA2A7C93CB4D2E2C551BE3711",
      "Tag": "Uwp"
    },
    {
      "Id": "6x3",
      "Path": "Scripts\\6. UWP Apps\\3. Cortana autostarting.ps1",
      "HeaderEn": "Turn off Cortana autostarting",
      "HeaderRu": "Удалить Кортана из автозагрузки",
      "DescriptionEn": "",
      "DescriptionRu": "",
      "Type": "Switch",
      "Sha256": "6AD7AF388EC32D978ECC82A5E443220C6555553E0BA3CB15336B4617973F8029",
      "Tag": "Uwp"
    },
    {
      "Id": "7x1",
      "Path": "Scripts\\7. Gaming\\1. Xbox Game Bar.ps1",
      "HeaderEn": "Turn off Xbox Game Bar",
      "HeaderRu": "Отключить Xbox Game Bar",
      "DescriptionEn": "Xbox Game Bar is for thigs like recording game clips, chatting with friends, receiving game invites",
      "DescriptionRu": "Xbox Game Bar позволяет создавать игровые клипы, общаться с друзьями и получать приглашения в игры",
      "Type": "Switch",
      "Sha256": "4E6940DAD7BDAE872A8772E403AB0989DA91CC87DE5E80770F16565FDAE51B2D",
      "Tag": "Game"
    },
    {
      "Id": "7x2",
      "Path": "Scripts\\7. Gaming\\2. Xbox Game Bar tips.ps1",
      "HeaderEn": "Turn off Xbox Game Bar tips",
      "HeaderRu": "Отключить советы Xbox Game Bar",
      "DescriptionEn": "These tips are to learn more about using Xbox Game bar each time you open a game or app",
      "DescriptionRu": "Эти подсказки позволяют узнать больше об использовании Xbox Game Bar при каждом запуске игры или приложения",
      "Type": "Switch",
      "Sha256": "F5A5E8B549805DEB128BE3E5156BC737EDCC77BC8F6E3272714C1ACB1AB3BB3E",
      "Tag": "Game"
    },
    {
      "Id": "7x3",
      "Path": "Scripts\\7. Gaming\\3. Graphics performance.ps1",
      "HeaderEn": "Set \"High performance\" in graphics performance preference for apps",
      "HeaderRu": "Установить параметры производительности графики для отдельных приложений на \"Высокая производительность\"",
      "DescriptionEn": "",
      "DescriptionRu": "",
      "Type": "Switch",
      "Sha256": "C9ED1A11515600B12D741168DD33A4DCB9F813943C8F2765B7D8A646B2D7912B",
      "Tag": "Game"
    },
    {
      "Id": "7x4",
      "Path": "Scripts\\7. Gaming\\4. GPU scheduling.ps1",
      "HeaderEn": "Turn on hardware-accelerated GPU scheduling",
      "HeaderRu": "Включить планирование графического процессора с аппаратным ускорением",
      "DescriptionEn": "Reduce latency and improve performance. You must restart your PC for the changes to take effect.",
      "DescriptionRu": "Уменьшить время задержки и увеличить производительность. Для вступления изменений в силу потребуется перезапустить компьютер.",
      "Type": "Switch",
      "Sha256": "1366159D8DE135A5E5B51365E286DC2053AD96DA166D0C75BCE7FA0AA00A405C",
      "Tag": "Game"
    },
    {
      "Id": "8x1",
      "Path": "Scripts\\8. Task Scheduler\\1. Windows cleaning up.ps1",
      "HeaderEn": "Create a task to clean up unused files and Windows updates in the Task Scheduler",
      "HeaderRu": "Создать задачу в Планировщике задач по очистке неиспользуемых файлов и обновлений Windows",
      "DescriptionEn": "The task runs every 90 days",
      "DescriptionRu": "Задача выполняется каждые 90 дней",
      "Type": "Switch",
      "Sha256": "8BAA2F98C2A691D492B38D992FB75D8CBBEC7CF9E29B0ADA994C006AB6AEAB44",
      "Tag": "TaskSheduler"
    },
    {
      "Id": "8x2",
      "Path": "Scripts\\8. Task Scheduler\\2. SoftwareDistribution.ps1",
      "HeaderEn": "Create a task in the Task Scheduler to clear the \\%SystemRoot\\%\\SoftwareDistribution\\Download folder",
      "HeaderRu": "Создать задачу в Планировщике задач по очистке папки \\%SystemRoot\\%\\SoftwareDistribution\\Download",
      "DescriptionEn": "The task runs on Thursdays every 4 weeks",
      "DescriptionRu": "Задача выполняется по четвергам каждую 4 неделю",
      "Type": "Switch",
      "Sha256": "63163DF2B8B68E94751F94313846F0073ECD2994643DF5D896D0CA936D43FF11",
      "Tag": "TaskSheduler"
    },
    {
      "Id": "8x3",
      "Path": "Scripts\\8. Task Scheduler\\3. TEMP.ps1",
      "HeaderEn": "Create a task to clear the \\%TEMP\\% folder in the Task Scheduler",
      "HeaderRu": "Создать задачу в Планировщике задач по очистке папки \\%TEMP\\%",
      "DescriptionEn": "The task runs every 62 days",
      "DescriptionRu": "Задача выполняется каждые 62 дня",
      "Type": "Switch",
      "Sha256": "CF6A951AB4286AE4E4FE587298565E6D74B7A880BBECFC094B6A2CCB404ACDA7",
      "Tag": "TaskSheduler"
    },
    {
      "Id": "9x1",
      "Path": "Scripts\\9. Security\\1. Exploit Guard Network Protection.ps1",
      "HeaderEn": "Turn on Microsoft Defender Exploit Guard network protection",
      "HeaderRu": "Включить защиту сети в Microsoft Defender Exploit Guard",
      "DescriptionEn": "Prevents from using any application to access dangerous domains that may host phishing scams, exploit-hosting sites, and other malicious content on the Internet",
      "DescriptionRu": "Предотвращает использование любого приложения для доступа к опасным доменам, которые могут содержать фишинговые программы, сайты с эксплойтами и прочее вредоносное содержимое в Интернете",
      "Type": "Switch",
      "Sha256": "6F0BEACBD748B2816D4503723453E6CCE7572089E8EB45D734A5ED7CB6D234DB",
      "Tag": "Security"
    },
    {
      "Id": "9x2",
      "Path": "Scripts\\9. Security\\2. PUA.ps1",
      "HeaderEn": "Turn on detection for potentially unwanted applications and block them",
      "HeaderRu": "Включить обнаружение потенциально нежелательных приложений и блокировать их",
      "DescriptionEn": "Potentially unwanted applications (PUA) are not considered viruses, malware, or other types of threats, but they might perform actions on endpoints which adversely affect endpoint performance or use",
      "DescriptionRu": "Потенциально нежелательные приложения не рассматриваются как вирусы, вредоносные программы или другие типы угроз, но они могут выполнять действия с ПК, которые негативно влияют на его производительность или использование",
      "Type": "Switch",
      "Sha256": "AC7256F8BDE5DDF5BD0FA89D8C04DAE3B233F76FE4E9785ED0E418AC7C2AA68E",
      "Tag": "Security"
    },
    {
      "Id": "9x3",
      "Path": "Scripts\\9. Security\\3. Defender sandbox.ps1",
      "HeaderEn": "Run Microsoft Defender within a sandbox",
      "HeaderRu": "Запускать Microsoft Defender в песочнице",
      "DescriptionEn": "Running Microsoft Defender Antivirus in a sandbox ensures that in the event of a compromise, malicious actions are limited to the isolated environment, protecting the rest of the system from harm",
      "DescriptionRu": "Запуск Microsoft Defender в песочнице гарантирует, что в случае компрометации вредоносные действия будут ограничены изолированной средой, защищая остальную часть системы от повреждений",
      "Type": "Switch",
      "Sha256": "6127CAB0836C5C50101EF90B80476C96E6C2DD4A13AFA98484CF1FB49C2AAA90",
      "Tag": "Security"
    },
    {
      "Id": "9x4",
      "Path": "Scripts\\9. Security\\4. Process creation events auditing.ps1",
      "HeaderEn": "Turn on events auditing generated when a process is created or starts",
      "HeaderRu": "Включить аудит событий, возникающих при создании или запуске процесса",
      "DescriptionEn": "The OS generates audit events when a process is created (starts) and it's command line arguments",
      "DescriptionRu": "ОС записывает события аудита при создании (запуске) процесса и его аргумента командной строки",
      "Type": "Switch",
      "Sha256": "31C0B78F69AF091013C68CFB1DB8C17D7CD46B999C108BACBF4C84108BD8E9D6",
      "Tag": "Security"
    },
    {
      "Id": "9x5",
      "Path": "Scripts\\9. Security\\5. Process creation events command line.ps1",
      "HeaderEn": "Include command line in process creation events",
      "HeaderRu": "Включать командную строку в событиях создания процесса",
      "DescriptionEn": "Adds the detailed command-line arguments used by a process to Id 4688 events in the Windows security event log. In order this feature to work events auditing must be enabled",
      "DescriptionRu": "Добавляет в журнале событий \"Безопасность\" в событиях с кодом 4688 полный аргумент командной строки процесса. Необходимо включить аудит событий, чтобы работала данная опция",
      "Type": "Switch",
      "Sha256": "221778F31B9E1A231A41AD531DE3F010E6B8CF529B7B4E788B2DD7BAD4CF5513",
      "Tag": "Security"
    },
    {
      "Id": "9x6",
      "Path": "Scripts\\9. Security\\6. Event Viewer Custom View.ps1",
      "HeaderEn": "Create \"Process Creation\" Event Viewer Custom View",
      "HeaderRu": "Создать настаиваемое представление \"Создание процесса\" в Настраиваемых представлениях",
      "DescriptionEn": "Viewing Id 4688 process creation and command-line auditing events. In order this feature to work events auditing and command line in process creation events must be enabled",
      "DescriptionRu": "Просмотр события с кодом 4688 создания нового процесса и аудит командной строки. Необходимо включить аудит событий и командной строки в событиях создания процесса, чтобы работала данная опция",
      "Type": "Switch",
      "Sha256": "8DF063D00B10CAC290F2DA11A3ED1A6A8B32F743E5F15BB85481D3D89F18C909",
      "Tag": "Security"
    },
    {
      "Id": "9x7",
      "Path": "Scripts\\9. Security\\7. PowerShell modules logging.ps1",
      "HeaderEn": "Log for all Windows PowerShell modules",
      "HeaderRu": "Вести журнал для всех модулей Windows PowerShell",
      "DescriptionEn": "Setting pipeline execution events are recorded in the Windows PowerShell log",
      "DescriptionRu": "События конвейерного выполнения записываются в журнал Windows PowerShell",
      "Type": "Switch",
      "Sha256": "BFDF127CD98297D1F49B929A2AF4063173507AB4B1AE5FFA691954E45D1663B8",
      "Tag": "Security"
    },
    {
      "Id": "9x8",
      "Path": "Scripts\\9. Security\\8. PowerShell scripts input logging.ps1",
      "HeaderEn": "Log all PowerShell scripts input to the Windows PowerShell event log",
      "HeaderRu": "Вести регистрацию всех вводимых сценариев PowerShell в журнале событий Windows PowerShell",
      "DescriptionEn": "PowerShell will log the processing of commands, script blocks, functions, and scripts - whether invoked interactively, or through automation",
      "DescriptionRu": "PowerShell регистрирует обработку команд, блоков сценариев, функций и сценариев, вызываемых в интерактивном режиме или с помощью служб автоматизации",
      "Type": "Switch",
      "Sha256": "87DAB0BF8C3D5D1DFE317269275401FE95579235E41A90D3072BBA32D2CC4520",
      "Tag": "Security"
    },
    {
      "Id": "9x9",
      "Path": "Scripts\\9. Security\\9. SmartScreen.ps1",
      "HeaderEn": "Do not check apps and files within Microsofot Defender SmartScreen",
      "HeaderRu": "Не проверять приложения и файлы фильтром SmartScreen в Microsoft Defender",
      "DescriptionEn": "Microsoft Defender SmartScreen checks unrecognized apps and files downloaded from the web",
      "DescriptionRu": "Фильтр SmartScreen в Microsoft Defender проверяет неопознаные приложения и файлы, скачанные из сети",
      "Type": "Switch",
      "Sha256": "107FCF5E69545F90D095B6BE0AE679147AD2914EEC08D53EB2964FB748CDB150",
      "Tag": "Security"
    },
    {
      "Id": "9x10",
      "Path": "Scripts\\9. Security\\10. Unsafe files.ps1",
      "HeaderEn": "Prevent SmartScreen from marking files that have been downloaded from the Internet as unsafe",
      "HeaderRu": "Не позволять SmartScreen отмечать файлы, скачанные из интернета, как небезопасные",
      "DescriptionEn": "",
      "DescriptionRu": "",
      "Type": "Switch",
      "Sha256": "BFB3BA80C70425E43EAC0B3FE0119BE9BBAF7214A9596B5851A21B7DCC199DF3",
      "Tag": "Security"
    },
    {
      "Id": "9x11",
      "Path": "Scripts\\9. Security\\11. Windows Script Host.ps1",
      "HeaderEn": "Turn off Windows Script Host",
      "HeaderRu": "Отключить Windows Script Host",
      "DescriptionEn": "Designed to interpret and run JScript and VBScript",
      "DescriptionRu": "Предназначен для запуска сценариев на скриптовых языках JScript и VBScript",
      "Type": "Switch",
      "Sha256": "8FF16D3F1CA48593EA7D086B893D1179DDC8C9FC77B256DF1CF3ECF926C107FE",
      "Tag": "Security"
    },
    {
      "Id": "10x1",
      "Path": "Scripts\\10. Context Menu\\1. Extract all for .msi.ps1",
      "HeaderEn": "Add the \"Extract all\" item to Windows Installer (.msi) context menu",
      "HeaderRu": "Добавить пункт \"Извлечь все\" в контекстное меню Windows Installer (.msi)",
      "DescriptionEn": "A button with an arrow icon for swift unpacking Windows Installer (.msi) in a current folder",
      "DescriptionRu": "Кнопка с иконкой в виде стрелки для быстрого распаковывания Windows Installer (.msi) в текущую папку",
      "Type": "Switch",
      "Sha256": "79D47460C9A161996A3EAD9DB1D3FC8800A8381DB6111DC7B4A0C08C83A5605C",
      "Tag": "Privacy"
    },
    {
      "Id": "10x2",
      "Path": "Scripts\\10. Context Menu\\2. Install .cab.ps1",
      "HeaderEn": "Add the \"Install\" item to the .cab archives context menu",
      "HeaderRu": "Добавить пункт \"Установить\" в контекстное меню .cab архивов",
      "DescriptionEn": "A button for swift installing .cab archives",
      "DescriptionRu": "Кнопка для быстрой установки .cab архивов",
      "Type": "Switch",
      "Sha256": "2B81ED05E8FD0B8E5D68A40B24E2FACE87E48B9A69448D073DA570716AE0CA33",
      "Tag": "Privacy"
    },
    {
      "Id": "10x3",
      "Path": "Scripts\\10. Context Menu\\3. Run as different user .exe.ps1",
      "HeaderEn": "Add the \"Run as different user\" item to the .exe files types context menu",
      "HeaderRu": "Добавить \"Запуск от имени другого пользователя\" в контекстное меню .exe файлов",
      "DescriptionEn": "Allows not to hold Shift + RMB to call up this context menu item",
      "DescriptionRu": "Позволяет не зажимать Shift + ПКМ, чтобы вызвать этот пункт контекстного меню",
      "Type": "Switch",
      "Sha256": "EFECED44BB32F522CE32181B61C703050D95F86AD2EA461B8E2EC72D1B41E176",
      "Tag": "Privacy"
    },
    {
      "Id": "10x4",
      "Path": "Scripts\\10. Context Menu\\4. Cast to Device.ps1",
      "HeaderEn": "Hide the \"Cast to Device\" item from the context menu",
      "HeaderRu": "Скрыть пункт \"Передать на устройство\" из контекстного меню",
      "DescriptionEn": "",
      "DescriptionRu": "",
      "Type": "Switch",
      "Sha256": "151AAAE2D00A99B35A3FC012FA7BDFB6AC0228402EBB50BB038173831DD93ADB",
      "Tag": "Privacy"
    },
    {
      "Id": "10x5",
      "Path": "Scripts\\10. Context Menu\\5. Share.ps1",
      "HeaderEn": "Hide the \"Share\" item from the context menu",
      "HeaderRu": "Скрыть пункт \"Отправить\" (поделиться) из контекстного меню",
      "DescriptionEn": "",
      "DescriptionRu": "",
      "Type": "Switch",
      "Sha256": "84BD3009A5CAB90F34F29D1A5BE6B4CE0BBD7AB36C1C37DB454CCB0B198AD5C9",
      "Tag": "Privacy"
    },
    {
      "Id": "10x6",
      "Path": "Scripts\\10. Context Menu\\6. Edit with Photos.ps1",
      "HeaderEn": "Hide the \"Edit with Photos\" item from the context menu",
      "HeaderRu": "Скрыть пункт \"Изменить с помощью приложения \"Фотографии\"\" из контекстного меню",
      "DescriptionEn": "",
      "DescriptionRu": "",
      "Type": "Switch",
      "Sha256": "FB1054E84BA9B15FCD176B99260CBA20BD73F092DE3994F02F888F4D5346A2A5",
      "Tag": "Privacy"
    },
    {
      "Id": "10x7",
      "Path": "Scripts\\10. Context Menu\\7. Create a new video.ps1",
      "HeaderEn": "Hide the \"Create a new video\" item from the context menu",
      "HeaderRu": "Скрыть пункт \"Создать новое видео\" из контекстного меню",
      "DescriptionEn": "",
      "DescriptionRu": "",
      "Type": "Switch",
      "Sha256": "6B4D0EDEAB3790D0601DC81A3102FBB19DD3A4F65C956772B2D92E58495BC1F1",
      "Tag": "Privacy"
    },
    {
      "Id": "10x9",
      "Path": "Scripts\\10. Context Menu\\8. Edit.ps1",
      "HeaderEn": "Hide the \"Edit\" item from the images context menu",
      "HeaderRu": "Скрыть пункт \"Изменить\" из контекстного меню изображений",
      "DescriptionEn": "",
      "DescriptionRu": "",
      "Type": "Switch",
      "Sha256": "26569E8552E568A5A18A0400788283C5C4BBD33CCB73D83B8DB5FD58DFAFA946",
      "Tag": "Privacy"
    },
    {
      "Id": "10x9",
      "Path": "Scripts\\10. Context Menu\\9. Print.ps1",
      "HeaderEn": "Hide the \"Print\" item from the .bat and .cmd context menu",
      "HeaderRu": "Скрыть пункт \"Печать\" из контекстного меню .bat и .cmd файлов",
      "DescriptionEn": "",
      "DescriptionRu": "",
      "Type": "Switch",
      "Sha256": "2FA828124818C89DA42206A3813AE39DABD6D01395528D7C685CB57394AF389D",
      "Tag": "Privacy"
    },
    {
      "Id": "10x10",
      "Path": "Scripts\\10. Context Menu\\10. Include in Library.ps1",
      "HeaderEn": "Hide the \"Include in Library\" item from the context menu",
      "HeaderRu": "Скрыть пункт \"Добавить в библиотеку\" из контекстного меню",
      "DescriptionEn": "",
      "DescriptionRu": "",
      "Type": "Switch",
      "Sha256": "39D0701046E1990A186F7F6EA24DDA256B599502AFB61CA5D234CE099EB175E6",
      "Tag": "Privacy"
    },
    {
      "Id": "10x11",
      "Path": "Scripts\\10. Context Menu\\11. Send to.ps1",
      "HeaderEn": "Hide the \"Send to\" item from the folders context menu",
      "HeaderRu": "Скрыть пункт \"Отправить\" из контекстного меню папок",
      "DescriptionEn": "",
      "DescriptionRu": "",
      "Type": "Switch",
      "Sha256": "019D7724279695A95E29C011D70E023486D85D20FE88FC1A1CF61409EB334072",
      "Tag": "Privacy"
    },
    {
      "Id": "10x12",
      "Path": "Scripts\\10. Context Menu\\12. Turn on BitLocker.ps1",
      "HeaderEn": "Hide the \"Turn on BitLocker\" item from the context menu",
      "HeaderRu": "Скрыть пункт \"Включить BitLocker\" из контекстного меню",
      "DescriptionEn": "",
      "DescriptionRu": "",
      "Type": "Switch",
      "Sha256": "9A61394DCA3429292BA38F3E1EB401E49CEE2C95ED62D2D2D37A162BEE9D2D23",
      "Tag": "Privacy"
    },
    {
      "Id": "10x13",
      "Path": "Scripts\\10. Context Menu\\13. Bitmap image.ps1",
      "HeaderEn": "Remove the \"Bitmap image\" item from the \"New\" context menu",
      "HeaderRu": "Удалить пункт \"Точечный рисунок\" из контекстного меню \"Создать\"",
      "DescriptionEn": "",
      "DescriptionRu": "",
      "Type": "Switch",
      "Sha256": "A28AB7231DDC368F4FAACA7543392FEDCED3DB34EFFF94BA2A534D8E73AB6687",
      "Tag": "Privacy"
    },
    {
      "Id": "10x14",
      "Path": "Scripts\\10. Context Menu\\14. Rich Text Document.ps1",
      "HeaderEn": "Remove the \"Rich Text Document\" from the \"New\" context menu",
      "HeaderRu": "Удалить пункт \"Документ в формате RTF\" из контекстного меню \"Создать\"",
      "DescriptionEn": "",
      "DescriptionRu": "",
      "Type": "Switch",
      "Sha256": "C1B760FEC1011505BEE51B8ECB5D5D7652D8B71BA3FDBFFFB7FF14ADAE444688",
      "Tag": "Privacy"
    },
    {
      "Id": "10x15",
      "Path": "Scripts\\10. Context Menu\\15. Compressed (zipped) Folder.ps1",
      "HeaderEn": "Remove the \"Compressed (zipped) Folder\" item from the \"New\" context menu",
      "HeaderRu": "Удалить пункт \"Сжатая ZIP-папка\" из контекстного меню \"Создать\"",
      "DescriptionEn": "",
      "DescriptionRu": "",
      "Type": "Switch",
      "Sha256": "2519ED956231CC9DC6EDD56E7B17D4EABDFA13D550DD5AE5F9F86AC94E295C2E",
      "Tag": "Privacy"
    },
    {
      "Id": "10x16",
      "Path": "Scripts\\10. Context Menu\\16. 15 items.ps1",
      "HeaderEn": "Make the \"Open\", \"Print\", \"Edit\" context menu items available, when more than 15 items selected",
      "HeaderRu": "Сделать доступными элементы контекстного меню \"Открыть\", \"Изменить\" и \"Печать\" при выделении более 15 элементов",
      "DescriptionEn": "By default, these context menu items are displayed if less than 15 items selected",
      "DescriptionRu": "По умолчанию эти пункты контекстного меню отображаются, если выбрано менее 15 пунктов",
      "Type": "Switch",
      "Sha256": "7A2EA2EB8B114D320E67546B4623475882EA14A01B7051A0CA8D383E29BA1FB7",
      "Tag": "Privacy"
    },
    {
      "Id": "10x17",
      "Path": "Scripts\\10. Context Menu\\17. Look for an app in the Microsoft Store.ps1",
      "HeaderEn": "Hide the \"Look for an app in the Microsoft Store\" item in \"Open with\" dialog",
      "HeaderRu": "Скрыть пункт \"Поиск приложения в Microsoft Store\" в диалоге \"Открыть с помощью\"",
      "DescriptionEn": "No app search will be offered for unregistered extensions in the Microsoft Store",
      "DescriptionRu": "Для незарегистрированных расширений не будет предлагаться поиск приложения в Microsoft Store",
      "Type": "Switch",
      "Sha256": "9D9868DCBED7F7949A7A5ED6731503F24F0A06764263CDF5B11EB1C6BA89CD1F",
      "Tag": "Privacy"
    },
  {
    "Id": "10x18",
    "Path": "Scripts\\10. Context Menu\\18. Previous Versions.ps1",
    "HeaderEn": "Hide the \"Previous Versions\" tab from files and folders context menu and \"Restore previous versions\" context menu item",
    "HeaderRu": "Скрыть вкладку \"Предыдущие версии\" в свойствах файлов и папок и пункт контекстного меню \"Восстановить прежнюю версию\"",
    "DescriptionEn": "",
    "DescriptionRu": "",
    "Type": "Switch",
    "Sha256": "9A5CA1DE1540C16072E029DCA8E3B9510B63DCB6D7233B60AFF6CE0DA334C53F",
    "Tag": "Privacy"
  }

]